681395.5625,247353.4531,0.12522817203909387,0.0006999138373561013,0.016963548150647517,0.5502294095971663,0.005956088687969584,18,0.07142857142857142,1,0.117560458,47.37198913551802,8.516329277149062
681395.5625,247353.4531,0.12522817203909387,0.0006999138373561013,0.016963548150647517,0.5502294095971663,0.005956088687969584,18,0.07142857142857142,1,0.038721799,47.37198913551802,8.516329277149062
681395.5625,247353.4531,0.12522817203909387,0.0006999138373561013,0.016963548150647517,0.5502294095971663,0.005956088687969584,18,0.0,0,0.021441637000000003,47.37198913551802,8.516329277149062
681395.5625,247353.4531,0.12522817203909387,0.0006999138373561013,0.016963548150647517,0.5502294095971663,0.005956088687969584,18,0.0,0,0.016147558,47.37198913551802,8.516329277149062
681395.5625,247353.4531,0.12522817203909387,0.0006999138373561013,0.016963548150647517,0.5502294095971663,0.005956088687969584,18,0.0,0,0.016147558,47.37198913551802,8.516329277149062
681395.5625,247353.4531,0.12522817203909387,0.0006999138373561013,0.016963548150647517,0.5502294095971663,0.005956088687969584,18,0.0,0,0.016057743,47.37198913551802,8.516329277149062
681395.5625,247353.4531,0.12522817203909387,0.0006999138373561013,0.016963548150647517,0.5502294095971663,0.005956088687969584,18,0.0,0,0.016963813,47.37198913551802,8.516329277149062
681395.5625,247353.4531,0.12522817203909387,0.0006999138373561013,0.016963548150647517,0.5502294095971663,0.005956088687969584,18,0.0,0,0.016963813,47.37198913551802,8.516329277149062
681395.5625,247353.4531,0.12522817203909387,0.0006999138373561013,0.016963548150647517,0.5502294095971663,0.005956088687969584,18,0.0,0,0.021778027000000002,47.37198913551802,8.516329277149062
681395.5625,247353.4531,0.12522817203909387,0.0006999138373561013,0.016963548150647517,0.5502294095971663,0.005956088687969584,18,0.0,0,0.019130405,47.37198913551802,8.516329277149062
681395.5625,247353.4531,0.12522817203909387,0.0006999138373561013,0.016963548150647517,0.5502294095971663,0.005956088687969584,18,0.0,0,0.06874555,47.37198913551802,8.516329277149062
681395.5625,247353.4531,0.12522817203909387,0.0006999138373561013,0.016963548150647517,0.5502294095971663,0.005956088687969584,18,0.07142857142857142,1,0.14194324,47.37198913551802,8.516329277149062
681395.5625,247353.4531,0.12522817203909387,0.0006999138373561013,0.016963548150647517,0.5502294095971663,0.005956088687969584,18,0.0,0,0.047930336,47.37198913551802,8.516329277149062
681395.5625,247353.4531,0.12522817203909387,0.0006999138373561013,0.016963548150647517,0.5502294095971663,0.005956088687969584,18,0.07142857142857142,1,0.055082313,47.37198913551802,8.516329277149062
681395.5625,247353.4531,0.12522817203909387,0.0006999138373561013,0.016963548150647517,0.5502294095971663,0.005956088687969584,18,0.07142857142857142,1,0.055082313,47.37198913551802,8.516329277149062
681395.5625,247353.4531,0.12522817203909387,0.0006999138373561013,0.016963548150647517,0.5502294095971663,0.005956088687969584,18,0.0,0,0.039001896,47.37198913551802,8.516329277149062
681395.5625,247353.4531,0.12522817203909387,0.0006999138373561013,0.016963548150647517,0.5502294095971663,0.005956088687969584,18,0.07142857142857142,1,0.09353250199999999,47.37198913551802,8.516329277149062
681395.5625,247353.4531,0.12522817203909387,0.0006999138373561013,0.016963548150647517,0.5502294095971663,0.005956088687969584,18,0.07142857142857142,1,0.09353250199999999,47.37198913551802,8.516329277149062
681395.5625,247353.4531,0.12522817203909387,0.0006999138373561013,0.016963548150647517,0.5502294095971663,0.005956088687969584,18,0.0,0,0.072233222,47.37198913551802,8.516329277149062
681395.5625,247353.4531,0.12522817203909387,0.0006999138373561013,0.016963548150647517,0.5502294095971663,0.005956088687969584,18,0.07142857142857142,1,0.09154694699999999,47.37198913551802,8.516329277149062
681395.5625,247353.4531,0.4974604628758818,0.08836395042202175,0.16194487428591373,0.7553073256546495,0.013528483668468228,18,0.07142857142857142,1,0.09154694699999999,47.37198913551802,8.516329277149062
681395.5625,247353.4531,0.3961134173378454,0.018022749444027337,0.16194487428591373,0.7593190219781526,0.017742069841838213,18,0.0,0,0.017697253,47.37198913551802,8.516329277149062
681395.5625,247353.4531,0.33106827536556843,0.1060367470156126,0.16194487428591373,0.7587276682237992,0.017448026427851197,18,0.0,0,0.033029371,47.37198913551802,8.516329277149062
681393.1685,247356.6576,0.28007814995521313,0.02064742158783089,0.1608279328438958,0.7591852987673692,0.016320963616945353,18,0.0,0,0.034745908,47.37201825066814,8.516298166396664
681390.7746,247359.8621,0.31991418618893835,0.02047244651869316,0.1602694621228869,0.7622282447194191,0.013919505460006986,18,0.0,0,0.034745908,47.37204736579728,8.516267056934133
681390.7746,247359.8621,0.353376442214174,0.026071743656736743,0.1594317560413734,0.7621034363893544,0.015389100873675718,18,0.0,0,0.019248525,47.37204736579728,8.516267056934133
681388.3806,247363.0666,0.3677038453972705,0.04689413760154434,0.1583148145993554,0.7632415694944668,0.016370074461987585,18,0.0,0,0.016469635,47.37207648093012,8.516235946113751
681384.7897,247367.8733,0.4087928299340939,0.027121610344529347,0.15663940243632854,0.7651226093261541,0.014900479048318857,18,0.0,0,0.054561683,47.372120153151165,8.516189281134213
681382.3957,247371.0778,0.3098223493097937,0.04864391812669303,0.156360167075824,0.7642548942695148,0.016615007030932372,18,0.0,0,0.054561683,47.372149268262426,8.51615817022885
681378.8048,247375.8846,0.3215076341172242,0.11006124412196733,0.15577842674143969,0.7613337850206231,0.01828166748103637,18,0.0,0,0.023629788,47.37219294135039,8.51611150514002
681376.4108,247379.0891,0.2840617292068835,0.02134733271302594,0.15490581623986324,0.7600084394204141,0.013919505460006986,18,0.0,0,0.07973855,47.37222205644004,8.516080394149675
681376.4108,247379.0891,0.3454092603987703,0.02148731548049716,0.15462658087935868,0.7597439646257533,0.013086486063088165,18,0.0,0,0.059318835,47.37222205644004,8.516080394149675
681376.4108,247379.0891,0.43831923528048256,0.03975502730915628,0.15350963943734075,0.7560234877390674,0.012154623319818527,18,0.0,0,0.064914985,47.37222205644004,8.516080394149675
681376.4108,247379.0891,0.3446125306823001,0.015048121737626253,0.15211346263481834,0.7527963009188272,0.012351066699987442,18,0.0,0,0.092130412,47.37222205644004,8.516080394149675
681377.6078,247377.4868,0.2388079746793985,0.0171478605375335,0.1507172858322959,0.7517889193975918,0.01249839923511413,18,0.0,0,0.092130412,47.37220749844661,8.516095949640011
681377.6078,247377.4868,0.2241084461814948,0.03196267133433196,0.14987957975078242,0.7533757681655552,0.012301955854945212,18,0.0,0,0.070199934,47.37220749844661,8.516095949640011
681378.8048,247375.8846,0.2488466431006816,0.02053076882957804,0.1490302388625813,0.7529062511143599,0.011764223184546122,18,0.0,0,0.11054647,47.37219294135039,8.51611150514002
681378.8048,247375.8846,0.3675182889446634,0.02225721934550836,0.14730828747280364,0.7513758632576163,0.015193279149773156,18,0.0,0,0.111906594,47.37219294135039,8.51611150514002
681376.4108,247379.0891,0.40193557540152985,0.03408574014345759,0.14507440458876775,0.7559610835740351,0.016174874394351384,18,0.0,0,0.098440482,47.37222205644004,8.516080394149675
681371.6229,247385.49800000002,0.4169915683519715,0.09028871957711336,0.14451593386775874,0.7591763838866502,0.014850746547010268,18,0.07142857142857142,1,0.13055708900000002,47.37228028568166,8.5160181733727
681366.835,247391.907,0.4010571468951378,0.06859142316500676,0.14339899242574086,0.7604868713523281,0.016860561256143516,18,0.2857142857142857,1,0.13055708900000002,47.37233851578809,8.515955952477928
681362.0471,247398.31600000002,0.3334584415056702,0.07646543959641743,0.14228205098372293,0.7635862782155974,0.0161251418930428,18,0.35714285714285715,1,0.155747945,47.37239674585992,8.515893731447186
681358.4562,247403.1227,0.3364410558734749,0.025896763163276958,0.14140944048214638,0.7656723603038191,0.015732255132704962,18,0.2857142857142857,1,0.125254484,47.37244041793837,8.515847065906783
681352.4713,247411.134,0.4656324463478664,0.041819771095236,0.1380353465427173,0.7675563717624125,0.01828166748103637,18,0.14285714285714285,1,0.120694395,47.37251320589991,8.515769288977792
681347.6834,247417.5429,0.4527691097489288,0.05435986802298951,0.13434711282272047,0.7708608208822165,0.019751884550971464,18,0.07142857142857142,1,0.121046937,47.372571434968705,8.515707067520973
681345.2894,247420.7474,0.3474861711464767,0.031962674046493014,0.13378864210171146,0.7722812585434273,0.0209765473956954,18,0.14285714285714285,1,0.121046937,47.37260054994596,8.515675956088721
681341.6985,247425.5542,0.3114158163115858,0.03581219065938792,0.13378864210171146,0.7713451960679433,0.01779118068688044,18,0.07142857142857142,1,0.115074996,47.372644222832974,8.515629290209564
681338.1075,247430.3609,0.2848584819326626,0.4951881028778009,0.13378864210171146,0.7687123346289626,0.015929320169140237,18,0.07142857142857142,1,0.100927935,47.37268789481358,8.515582622911882
681334.5166,247435.1676,0.31162829153636523,0.028696413088379263,0.13267170065969353,0.7677257544960715,0.0153412333411662,18,0.07142857142857142,1,0.123118619,47.37273156676236,8.515535956861589
681330.9257,247439.9744,0.3090787517206973,0.01854768821224571,0.13211322993868466,0.7706706367602134,0.016026920202958338,18,0.14285714285714285,1,0.20219896699999998,47.37277523959105,8.515489290752978
681327.3347,247444.7811,0.28087484485496605,0.05039369865184175,0.13071705313616214,0.7714521746365699,0.015537055065068762,18,0.21428571428571427,1,0.11080497199999999,47.37281891151329,8.515442623225844
681324.9408,247447.9856,0.27290760521353585,0.05791775952065481,0.1290183713597599,0.7693274613985664,0.016272474428169485,18,0.07142857142857142,1,0.150651308,47.37284802640475,8.515411512828528
681321.3498,247452.7923,0.2745010879585396,0.05004375122572728,0.12814576085818344,0.769799950076668,0.015586165910110987,18,0.07142857142857142,1,0.107890775,47.37289169829458,8.515364845173917
681317.7589,247457.5991,0.30663550734344525,0.02764654911274772,0.12702881941616542,0.7723763506044289,0.015292122496123975,18,0.2857142857142857,1,0.14382942699999998,47.372935371051966,8.51531817878486
681314.168,247462.4058,0.30291748912255634,0.018839313327475248,0.12591187797414752,0.7769051100096279,0.015145411617263644,18,0.35714285714285715,1,0.15705529199999999,47.37297904289058,8.51527151230116
681310.577,247467.2126,0.297606011468727,0.010731991379558884,0.12423646581112058,0.7811426499780101,0.013429018665851052,18,0.21428571428571427,1,0.15705529199999999,47.37302271562139,8.51522484443525
681306.9861,247472.0193,0.37582766853280464,0.02292213816903691,0.12081583264494065,0.7856238633527083,0.013576972857244095,18,0.07142857142857142,1,0.11303595400000001,47.37306638742109,8.515178177798582
681303.3952,247476.826,0.3414256233210737,0.058442695576712174,0.11713923373163156,0.7918672514828419,0.0149974574258706,18,0.0,0,0.049791761,47.373110059201345,8.51513151108543
681299.8042,247481.6328,0.3947242390909181,0.038145234975800885,0.11713923373163156,0.7945654887137611,0.012301955854945212,18,0.0,0,0.049791761,47.37315373187383,8.515084842990062
681300.0986,247496.7798,0.44700144832518895,0.03622047666935342,0.11658076301062255,0.7950439206456751,0.01568376594392909,18,0.0,0,0.103085796,47.37328991933492,8.515091490374722
681300.0986,247496.7798,0.3780748097168447,0.0916885499639866,0.11546382156860464,0.7971775487643976,0.016810828754834934,18,0.0,0,0.103085796,47.37328991933492,8.515091490374722
681298.8808,247500.551,0.2917633730008146,0.021580638229531646,0.11546382156860464,0.7939771065863139,0.013674572891062196,18,0.07142857142857142,1,0.183119058,47.37332398564535,8.515076052673045
681296.2811,247505.9581,0.2737375503812205,0.07109945068704057,0.11406764476608225,0.7915463157769616,0.014752524856925813,18,0.2857142857142857,1,0.183119058,47.37337293478855,8.51504261706527
681293.7487,247511.3961,0.2971412082905888,0.025838440852392074,0.11319503426450572,0.7948775095389223,0.013478751167159641,18,0.2857142857142857,1,0.151095488,47.37342215351802,8.515010077985755
681292.532,247517.2714,0.30079288431599016,0.06380869262257212,0.1126132939301214,0.7974628249474022,0.01117551470030573,18,0.07142857142857142,1,0.18596198600000002,47.37347514279588,8.514995036713058
681291.3154,247523.1467,0.3238977884499176,0.02484689647548436,0.11149635248810348,0.7968150102818291,0.012351066699987442,18,0.0,0,0.045501673,47.37352813205861,8.514979996734278
681290.0988,247529.0219,0.3517830172951968,0.04461942373249935,0.11093788176709446,0.7977986187878139,0.012645731770240821,18,0.07142857142857142,1,0.09732721,47.373581120419146,8.514964956707372
681289.2877,247532.9388,0.3342551479100772,0.018022749444027337,0.10982094032507653,0.7991774536723365,0.011125782198997144,18,0.07142857142857142,1,0.09732721,47.37361644689473,8.514954929582968
681289.6932,247530.9804,0.2924272875365537,0.015398077300223785,0.10982094032507653,0.8004344518537009,0.01004783023313353,18,0.0,0,0.017923811,47.373598784112936,8.514959942493965
681290.5043,247527.0635,0.2665338598217639,0.014173230118971382,0.10954170496457197,0.8005889764528286,0.009656186785328414,18,0.0,0,0.070283699,47.37356345763671,8.514969969611705
681288.8821,247534.8972,0.29218828923916434,0.015164774495879113,0.10842476352255404,0.8019648397104446,0.009901119354273204,18,0.07142857142857142,1,0.139134591,47.37363410968854,8.514949915344747
681288.071,247538.8141,0.2987744929014884,0.06305045105000907,0.1075521530209776,0.8015844714664385,0.010243651957036092,18,0.0,0,0.079418503,47.373669436162245,8.514939888200358
681286.4488,247546.6478,0.2983496042137585,0.01924759662527973,0.10669117732608872,0.8042321910399506,0.010244273613302449,18,0.07142857142857142,1,0.11893802099999999,47.37374008820654,8.514919833853462
681288.8821,247534.8972,0.3106722159977027,0.0461942291885103,0.10444565963536524,0.8068085915677116,0.00931241087003281,18,0.14285714285714285,1,0.11893802099999999,47.37363410968854,8.514949915344747
681291.3154,247523.1467,0.2872486365681099,0.019597552187877256,0.09056533525695466,0.815500600268635,0.007498417884802121,18,0.0,0,0.11028154300000001,47.37352813205861,8.514979996734278
681289.6932,247530.9804,0.26723097800130874,0.016972880044073702,0.06676052077394737,0.8286530209559133,0.007303217817165919,18,0.0,0,0.030873046,47.373598784112936,8.514959942493965
681289.2877,247532.9388,0.2731067819660148,0.015468070040039918,0.05393896380411635,0.8518019945559796,0.007253485315857331,18,0.0,0,0.030873046,47.37361644689473,8.514954929582968
681289.2877,247532.9388,0.2715133570470378,0.02057742884801476,0.04684173172462736,0.8735988779136802,0.007253485315857331,18,0.14285714285714285,1,0.18091151,47.37361644689473,8.514954929582968
681288.8821,247534.8972,0.27221048703399103,0.01224847181252393,0.035439621170694234,0.8896961808651,0.007204996127081459,18,0.21428571428571427,1,0.18091151,47.37363410968854,8.514949915344747
681287.2599,247542.73100000003,0.26188631214413105,0.019130938442704814,0.02488685150496222,0.9077785305899274,0.008724324042058777,18,0.35714285714285715,1,0.190339705,47.37370476263469,8.51492986104265
681286.8544,247544.6894,0.3621404270125315,0.016447946700177418,0.030890411755808717,0.9239174363180356,0.007499039541068478,18,0.14285714285714285,1,0.190339705,47.373722425414606,8.51492484811167
681284.0156,247558.3984,0.35766651666272464,0.029163024121390695,0.04057057091996417,0.929715080412224,0.008185348059126971,18,0.0,0,0.074712082,47.37384606670089,8.514889753566178
681282.3934,247566.2321,0.283612282320425,0.03779527670104231,0.04998312953030283,0.9269247227472096,0.002744612415967614,18,0.0,0,0.074712082,47.373916718732644,8.514869699086056
681280.7712,247574.0658,0.2988010907543521,0.12020998527106708,0.05479993949900524,0.9203901151802588,0.0027464773847666857,18,0.0,0,0.041928422,47.373987370759345,8.514849644552642
681286.5744,247583.4792,0.29027615178577204,0.0626421677522046,0.0590699135533863,0.9120963044847792,0.002745855728500329,18,0.07142857142857142,1,0.039801859,47.3740713139818,8.514928182281544
681293.8408,247590.3474,0.3702669855310421,0.036045496175893615,0.06192044119186956,0.9015054261907308,0.005931222437315291,18,0.14285714285714285,1,0.166679258,47.37413218655372,8.515025629686862
681295.2941,247591.7211,0.4236513978670767,0.045669298556775054,0.06534107435804959,0.8956513211853226,0.0019122146753151488,18,0.42857142857142855,1,0.186184768,47.37414436159525,8.515045119470308
681295.2941,247591.7211,0.4179721721167101,0.06106736772051573,0.06729572188158098,0.8938772599222623,0.0016672821063703606,18,0.21428571428571427,1,0.32241961,47.37414436159525,8.515045119470308
681296.9356,247590.5785,0.5070347283599004,0.02508019927982904,0.06729572188158098,0.8879013182136956,0.0016666604501040028,18,0.0,0,0.030986179,47.37413388320944,8.515066644045618
681301.4693,247586.6484,0.5051587073471722,0.03534557962637652,0.06645801580006751,0.8838420758596915,0.0015199495712436724,18,0.0,0,0.028438231,47.37409797882655,8.51512595268428
681306.003,247582.7184,0.2813446837414657,0.029512976971827174,0.0658995450790585,0.8795451033531838,0.0,18,0.0,0,0.017094400000000003,47.37406207531214,8.515185261261214
681307.5143,247581.4084,0.2507985921081003,0.07191600643400538,0.0658995450790585,0.8732957719692378,4.911084504222906e-05,18,0.0,0,0.016717225,47.374050107458935,8.515205031651714
681307.5143,247581.4084,0.38947408760322894,0.06999125083971898,0.06506183899754503,0.8685649419344103,0.00014733253512668718,18,0.0,0,0.020318354,47.374050107458935,8.515205031651714
681309.0255,247580.0984,0.5226899645502779,0.07909010902805994,0.06450336827653612,0.8649098408396629,0.00014733253512668718,18,0.0,0,0.020318354,47.374038139614626,8.515224800709428
681309.0255,247580.0984,0.35883096753061994,0.018022746731866303,0.06450336827653612,0.860621783213874,0.0,18,0.0,0,0.017678152,47.374038139614626,8.515224800709428
681309.0255,247580.0984,0.3953984094206056,0.042344707151293313,0.06392162794215178,0.8566279166518085,0.0012750170022988849,18,0.0,0,0.018804781,47.374038139614626,8.515224800709428
681312.048,247577.4783,0.3302715341444436,0.06141732599527429,0.06304901744057524,0.8562534916616149,0.001618171261328131,18,0.0,0,0.018608358000000002,47.37401420300404,8.515264340103984
681315.0705,247574.8583,0.41395453030795204,0.13741616540732446,0.06249054671956623,0.8566398031594337,0.0013732386923833429,18,0.0,0,0.03013923,47.3739902672791,8.515303879481195
681319.6043,247570.9283,0.4445431691810741,0.05290172074955343,0.061652840638052764,0.8591537995221624,0.0014702170699350866,18,0.0,0,0.070956897,47.37395436365979,8.515363189142398
681324.1379999999,247566.9982,0.4466132582741899,0.037678623942789466,0.06136197047086054,0.8620273627405531,0.002500923159555541,18,0.0,0,0.034681677,47.37391845912262,8.51542249738165
681328.6717,247563.0682,0.4175635746252125,0.08206475029526619,0.06019848980209198,0.8638608565417395,0.002500301503289183,18,0.0,0,0.14216714800000002,47.373882555453946,8.515481805559187
681333.2055,247559.1382,0.43116912129136703,0.19457567521893315,0.05908154836007395,0.8653734146370455,0.004853270471451679,18,0.07142857142857142,1,0.168938791,47.37384665174209,8.515541114980751
681337.5222,247554.9748,0.35496989014245994,0.0713910730901091,0.05734796216360862,0.8655190243554541,0.007107396093263359,18,0.14285714285714285,1,0.168938791,47.37380867572096,8.515597507735771
681343.1632,247549.3024,0.3995863046750065,0.0857392864147013,0.0562310207215907,0.8682618359899679,0.007645750419928806,18,0.2857142857142857,1,0.15312178199999998,47.373756965120464,8.515671158744045
681347.3940000001,247545.0481,0.4275736742646693,0.2498687571714623,0.055951785361086234,0.8712928954343924,0.007499039541068478,18,0.14285714285714285,1,0.11140759,47.37371818213254,8.51572639756843
681351.6247,247540.7937,0.3681873506022598,0.048993876401451586,0.05537004502670191,0.8744695645972257,0.0069606852144030295,18,0.07142857142857142,1,0.068105216,47.37367939823074,8.515781634970372
681355.8555,247536.5394,0.3114158008711285,0.05342665409344975,0.054497434525125364,0.8827069143814856,0.007352328662208147,18,0.0,0,0.057658293,47.373640615189046,8.515836873634
681360.0862,247532.2851,0.3177895735107664,0.060600759399665326,0.05310125772260298,0.8889354443770877,0.006813352679276343,18,0.14285714285714285,1,0.113628991,47.373601832132834,8.51589211089336
681362.9067,247529.4489,0.3973799741334069,0.2091571913478701,0.05198431628058496,0.8949262442201857,0.006127665817484206,18,0.21428571428571427,1,0.113305967,47.37357597674296,8.51592893612958
681367.1929,247525.2515,0.25705235333916565,0.08223971994008186,0.05025073008411963,0.9002187117403037,0.005882111592273062,18,0.2857142857142857,1,0.152539454,47.3735376985174,8.515984918355944
681370.1143,247522.5192,0.2450721618521969,0.08958880302759623,0.05025073008411963,0.9016807521782024,0.0066653984878832975,18,0.42857142857142855,1,0.23517854600000002,47.3735127650597,8.51602309819247
681374.4964,247518.4208,0.2721805915838525,0.057392826176758525,0.04941302400260617,0.9000106978568626,0.006959441901870315,18,0.35714285714285715,1,0.279922875,47.373475365298816,8.516080367889383
681377.4179,247515.6885,0.29250698572761435,0.04776902650803815,0.04856368311440503,0.8964506888231168,0.0069606852144030295,18,0.42857142857142855,1,0.279922875,47.373450431796726,8.516118548960526
681381.8,247511.5901,0.347799449548181,0.09063867242754986,0.04740020244563626,0.8943556918541764,0.006715130989191884,18,0.42857142857142855,1,0.6826604359999999,47.37341303198779,8.516175818523516
681384.7214,247508.8579,0.3816634889791756,0.10288714424007377,0.04740020244563626,0.9020165460186144,0.006470198420247096,18,0.35714285714285715,1,0.6826604359999999,47.37338809936537,8.516213998199653
681387.6428,247506.1256,0.4392044469916984,0.06375036488736519,0.04628326100361845,0.9086343591389412,0.006371976730162638,18,0.35714285714285715,1,0.539985773,47.3733631658308,8.516252177821904
681392.0249,247502.0272,0.4214518426586953,0.08404782820043748,0.04454967480715311,0.9104054487750952,0.005833000747230832,18,0.42857142857142855,1,0.4413339220000001,47.373325765954576,8.516309447197406
681394.9463,247499.295,0.3025122755132421,0.04327792379299409,0.0439912040861441,0.9113504261312984,0.005490468144467943,18,0.2857142857142857,1,0.4413339220000001,47.37330083328732,8.51634762674855
681399.3285,247495.1966,0.2901367096213143,0.06176727342138871,0.043153498004630635,0.9102509241759678,0.005980333282357518,18,0.14285714285714285,1,0.16649049800000001,47.37326343335068,8.516404897314022
681405.1713,247489.732,0.3111502283356925,0.07944006187849642,0.04199001733586197,0.9100191372772766,0.007694861264971037,18,0.14285714285714285,1,0.751629552,47.37321356614058,8.516481256165688
681419.0584,247487.1252,0.3699646147527879,0.11198599700409267,0.04169914716866975,0.9158554125212472,0.006568420110331554,18,0.14285714285714285,1,0.751629552,47.37318840668004,8.516664631878855
681423.4051,247485.5469,0.42048488613894,0.06316710652042297,0.04058220572665183,0.9192787267173032,0.008037393867733927,18,0.07142857142857142,1,0.167129159,47.37317367535594,8.516721890326203
681426.1465,247482.634,0.3597502454319724,0.08293963920176002,0.03913948969737871,0.9179801257592506,0.007499039541068478,18,0.0,0,0.025633052000000003,47.37314713967285,8.516757653724103
681427.5172,247481.1776,0.3431784518882697,0.06369203715215824,0.0388486195301866,0.9157781502216832,0.003235099210123548,18,0.0,0,0.01727662,47.37313387227675,8.51677553541879
681431.6293,247476.8084,0.3430776692986214,0.1175269718312514,0.03687070239327979,0.9138020183289948,0.00372620766054584,18,0.07142857142857142,1,0.151827518,47.37309407007152,8.516829180449443
681434.3707,247473.8956,0.4345466589605744,0.1398658516333461,0.03429941011530098,0.9127649205386964,0.0024027014694710824,18,0.07142857142857142,1,0.151827518,47.37306753525388,8.516864943758709
681438.4828,247469.5264,0.5079404050348871,0.09588801400299587,0.03258909353221097,0.9108868523339156,0.00019644338016891623,18,0.0,0,0.058931929,47.37302773300629,8.516918588655843
681441.2242,247466.6136,0.4986248598535536,0.07226596199660291,0.032030622811201954,0.9104500231786898,0.0004904867941559338,18,0.0,0,0.01987554,47.37300119816044,8.516954351876095
681446.707,247460.788,0.40267100226392266,0.07226595928444188,0.03087877694912095,0.908759167469006,0.001519327914977316,18,0.0,0,0.018591358,47.37294812843486,8.517025878209779
681450.8191,247456.4188,0.3397709300619828,0.15573053183009822,0.03116964711631317,0.906827609979912,0.00372620766054584,18,0.07142857142857142,1,0.477288151,47.37290832611105,8.517079522866577
681453.5605,247453.50600000002,0.4095964043144633,0.04794400428933692,0.03058790678192884,0.9051694421661972,0.004951492161536136,18,0.07142857142857142,1,0.477288151,47.37288179121438,8.517115285926607
681454.9312,247452.0495,0.31593059512985955,0.07611548674598093,0.02973856589372771,0.90374603287808,0.003775318505588068,18,0.14285714285714285,1,0.245728317,47.372868522862476,8.517133167425078
681453.5605,247453.50600000002,0.3103535255643341,0.03511227953419285,0.028609989645022024,0.901237979769164,0.00372620766054584,18,0.42857142857142855,1,0.245728317,47.37288179121438,8.517115285926607
681453.5605,247453.50600000002,0.31327483707806164,0.05570137067465577,0.02744650897625336,0.9018233902697048,0.0038244293506302976,18,0.5,1,0.236080485,47.37288179121438,8.517115285926607
681453.5605,247453.50600000002,0.34487809564888433,0.0580927373019536,0.02716727361574891,0.9040075360458344,0.003922651040714755,18,0.35714285714285715,1,0.296477728,47.37288179121438,8.517115285926607
681453.5605,247453.50600000002,0.3621404000674197,0.06684164535201911,0.026050332173730883,0.9054874062451712,0.003235099210123548,18,0.21428571428571427,1,0.296477728,47.37288179121438,8.517115285926607
681456.3019,247450.5931,0.4283295430815245,0.1008574008921437,0.026050332173730883,0.9049198255060678,0.003922029384448398,18,0.0,0,0.038690437,47.372855255407075,8.517151048932838
681457.6726,247449.1367,0.42307939159383534,0.16230972461340654,0.02488685150496222,0.905835086593208,0.006960063558136671,18,0.0,0,0.09668460300000001,47.372841987948874,8.517168930431698
681457.6726,247449.1367,0.4811582703132023,0.21679791039925805,0.024595981337770103,0.9091484505937312,0.00936152171507504,18,0.07142857142857142,1,0.09668460300000001,47.372841987948874,8.517168930431698
681460.4140000001,247446.2239,0.4039376205185593,0.26071742571872336,0.023199804535247625,0.9140991810196244,0.010979071320136813,18,0.07142857142857142,1,0.047879512,47.372815453023975,8.517204693402713
681460.4140000001,247446.2239,0.4617305540787092,0.3340332571152798,0.022327194033671185,0.9160723412854068,0.006616909299107426,18,0.42857142857142855,1,0.25656420399999996,47.372815453023975,8.517204693402713
681461.7847,247444.7675,0.4388503500759478,0.21907262698046406,0.021745453699286744,0.9171807581214564,0.006911574369360799,18,0.42857142857142855,1,0.377418178,47.372802185557305,8.517222574874868
681465.8968,247440.3983,0.4620097817307343,0.11741032720948165,0.021745453699286744,0.9176621616802768,0.008087126369042514,18,0.42857142857142855,1,0.381317003,47.372762383140305,8.517276219237923
681468.6382,247437.4855,0.4944846662268644,0.09063867513971086,0.02118698297827784,0.9182802600767868,0.0082344589041692,18,0.42857142857142855,1,0.449282434,47.37273584818153,8.517311982102123
681471.3796,247434.5727,0.4512710653788202,0.035870515682433816,0.020349276896764367,0.9188835003387654,0.009656186785328414,18,0.35714285714285715,1,0.223979165,47.372709313211466,8.517347744930717
681474.1209999999,247431.6599,0.469125764134835,0.023797027075530733,0.01947666639518782,0.9205327532717612,0.008724324042058777,18,0.2857142857142857,1,0.23805714,47.372682778230114,8.517383507723709
681473.0185,247428.2173,0.4722309615042397,0.048293962564095454,0.018894926060803487,0.9220363964863484,0.007597261231152935,18,0.14285714285714285,1,0.23805714,47.372651953671706,8.51736828570102
681472.7124,247418.7951,0.5261832823372469,0.025476814860863298,0.018894926060803487,0.9277716364155048,0.0041184727646173145,18,0.0,0,0.065417709,47.37256725344923,8.517362519174661
681473.8934,247417.181,0.4559288034555237,0.029116358678631906,0.017440575224842606,0.934469683462302,0.0040208727307992145,18,0.0,0,0.038868728,47.37255259113982,8.517377860449798
681475.0744,247415.56699999998,0.4578695227091671,0.047419070945440615,0.01660286914332914,0.9347401015107756,0.003971761885756984,18,0.0,0,0.032365623999999996,47.37253792972764,8.517393201734683
681476.2554,247413.9529,0.4299570417594897,0.08620589202339066,0.016044398422320232,0.9323717148664552,0.008969878267269922,18,0.0,0,0.016297162,47.37252326741402,8.517408542992932
681479.7984,247409.1107,0.4269744388963393,0.0917468695627104,0.0154626580879359,0.9297596548158186,0.01196004490844868,18,0.0,0,0.019313675,47.372479281359844,8.517454566735225
681483.3415,247404.2685,0.4366249996157289,0.12598425747824846,0.015753528255128012,0.9301013919100428,0.009509475906468084,18,0.0,0,0.019313675,47.372435295274386,8.517500591725415
681486.8845,247399.4263,0.4327952442548615,0.10201225533357994,0.014590047586359347,0.9355127245064128,0.007842815456364081,18,0.0,0,0.018341638,47.37239130918234,8.517546615315762
681490.4275,247394.5842,0.4718427596458322,0.07296588125828109,0.014880917753551569,0.9423652961523374,0.007793082955055494,18,0.0,0,0.03395049,47.37234732397071,8.51759263884833
681492.7895,247391.35600000003,0.4675731656015098,0.037795282125364385,0.014590047586359347,0.9465998644938132,0.007009174403178903,18,0.21428571428571427,1,0.055236192,47.37231799928663,8.517623321136904
681495.1516,247388.1279,0.5410991379998977,0.0685914340136509,0.014310812225854896,0.9484303866680932,0.004362783677295746,18,0.5,1,0.312081288,47.372288675481116,8.517654004733775
681497.5136,247384.8998,0.4399126601994598,0.06614172880250198,0.013473106144341428,0.9491079176027292,0.004166961953393187,18,0.42857142857142855,1,0.501076171,47.37225935167956,8.517684686973015
681501.0566,247380.0576,0.4629154160201519,0.1090113774341747,0.013193870783836973,0.9499756326593684,0.005588068178286043,18,0.42857142857142855,1,0.501076171,47.37221536551175,8.517730710259466
681501.0566,247380.0576,0.4104544063068502,0.06952463980670752,0.011739519947876092,0.9487632088815986,0.003873540195672527,18,0.5,1,0.475237618,47.37221536551175,8.517730710259466
681499.8756,247381.6717,0.27284125544919674,0.09104695301319328,0.011739519947876092,0.9475596999845476,0.0038244293506302976,18,0.5,1,0.3647859470000001,47.37223002786958,8.51771536917849
681501.0566,247380.0576,0.2594297538541209,0.05097695973094495,0.011739519947876092,0.9461957232345564,0.00372620766054584,18,0.35714285714285715,1,0.439552475,47.37221536551175,8.517730710259466
681499.8756,247381.6717,0.2354617236152581,0.07244094520222374,0.01118104922686708,0.9451229659213828,0.003775318505588068,18,0.21428571428571427,1,0.12116297,47.37223002786958,8.51771536917849
681499.8756,247381.6717,0.2335695107096309,0.07891513667108327,0.010343343145353612,0.9433934790619168,0.00362798597046138,18,0.21428571428571427,1,0.11883054300000001,47.37223002786958,8.51771536917849
681499.8756,247381.6717,0.196103695178212,0.01364829677507508,0.010343343145353612,0.9416283326795754,0.00362798597046138,18,0.14285714285714285,1,0.11883054300000001,47.37223002786958,8.51771536917849
681499.8756,247381.6717,0.2276140291411407,0.020822399369129642,0.009761602810969279,0.9402286964067088,0.00362798597046138,18,0.0,0,0.08774011,47.37223002786958,8.51771536917849
681498.6946,247383.2857,0.4424458164789058,0.03604549346373258,0.009179862476584949,0.9396284277716364,0.004264561987211287,18,0.0,0,0.063925749,47.37224468932594,8.517700028070875
681501.0566,247380.0576,0.5309186744095643,0.0834062475226104,0.008888992309392732,0.9471615019791034,0.0040687402633087285,18,0.0,0,0.049411875999999993,47.37221536551175,8.517730710259466
681503.4186,247376.8295,0.5501152236860652,0.09693788882727164,0.008598122142200617,0.9550006537579194,0.006861841868052214,18,0.0,0,0.080185047,47.372186041689154,8.517761392414291
681509.3237,247368.7592,0.6254100694060721,0.042811318184304746,0.007155406112927395,0.953473237528082,0.004215451142169058,18,0.07142857142857142,1,0.178099413,47.37211273163376,8.517838098968392
681511.6857,247365.5311,0.5751451689543852,0.05925925403583801,0.007434641473431953,0.9522964732731876,0.00382380769436394,18,0.07142857142857142,1,0.178099413,47.3720834077817,8.517868781005038
681517.5908,247357.4607,0.5886747915616523,0.03919510437575451,0.007434641473431953,0.9517348357878972,0.001618171261328131,18,0.0,0,0.05756410400000001,47.37201009675331,8.517945487245482
681521.1338,247352.6186,0.5444262059609777,0.02257217718211731,0.007725511640624067,0.9527125010400695,0.0015690604162859026,18,0.0,0,0.08037287,47.37196611137752,8.51799151011962
681525.8578,247346.1623,0.4435080842168484,0.06789150932765067,0.008598122142200617,0.9539576127138086,0.0071558852820392295,18,0.07142857142857142,1,0.18602053699999999,47.37190746268144,8.518052873803287
681528.2198,247342.9342,0.35656333807074586,0.07209098692746523,0.007434641473431953,0.9522162393467176,0.006764241834234114,18,0.07142857142857142,1,0.18602053699999999,47.371878138770455,8.518083555603573
681526.108,247333.7939,0.2952158647048855,0.08836395042202175,0.008016381807816286,0.9506412770863792,0.004901759660227551,18,0.0,0,0.032296103,47.37179619716685,8.518053934535546
681523.0764,247331.1849,0.3790213357867923,0.17567803415625094,0.008598122142200617,0.9525966075907238,0.004804781282675807,18,0.0,0,0.020302091,47.37177310823225,8.51801332569563
681518.5290000001,247327.2714,0.3910402564820053,0.09944590821282227,0.008598122142200617,0.961235127007334,0.004607716246240535,18,0.0,0,0.017173863,47.371738474803244,8.517952412501717
681517.0132,247325.9668,0.3852453042013471,0.04771070690931435,0.007725511640624067,0.9650120648052396,0.005147313885438696,18,0.0,0,0.035143182,47.37172692942036,8.517932108103134
681513.9816,247323.3578,0.3963176525052405,0.24934384010053226,0.007434641473431953,0.9653151707496821,0.005244913919256798,18,0.21428571428571427,1,0.055973195999999996,47.37170384044245,8.517891499368758
681509.4343,247319.4443,0.40524503064488415,0.171828517543356,0.007434641473431953,0.9634816769484958,0.005343757265607612,18,0.2857142857142857,1,0.31820151,47.37166920693614,8.517830587657006
681504.8869,247315.5308,0.44738959205481604,0.1504812011032963,0.007434641473431953,0.963484648575402,0.005881489936006703,18,0.07142857142857142,1,0.038794656000000004,47.3716345734097,8.517769674700563
681501.8553,247312.9217,0.4147852532508292,0.12108486604107778,0.007434641473431953,0.9638055842812824,0.005734157400880016,18,0.07142857142857142,1,0.154722611,47.3716114834747,8.517729066088707
681497.3079,247309.0082,0.24840843747265304,0.06194225662700956,0.006317700031413929,0.9632558333036172,0.00495087050526978,18,0.14285714285714285,1,0.171403998,47.37157684989415,8.51766815326419
681497.3079,247309.0082,0.2329719577456396,0.050743656926600274,0.006038464670909474,0.9608458438826089,0.005147313885438696,18,0.0,0,0.08858000699999999,47.37157684989415,8.51766815326419
681495.7921,247307.7037,0.20392484175388645,0.04362787664343059,0.006038464670909474,0.958049542963782,0.004999981350312007,18,0.0,0,0.053863009,47.37156530536007,8.51764784900694
681494.2763,247306.3992,0.2266313966214132,0.11531059112173545,0.006038464670909474,0.9579693090373116,0.00495087050526978,18,0.0,0,0.042534754,47.371553760822394,8.517627544758485
681494.2763,247306.3992,0.2357140185684237,0.08480606977300054,0.00574759450371736,0.9588340524670448,0.004852648815185322,18,0.0,0,0.042534754,47.371553760822394,8.517627544758485
681494.2763,247306.3992,0.2674102326280549,0.11303586369188527,0.005456724336525142,0.9556187521544296,0.004852648815185322,18,0.0,0,0.029038275,47.371553760822394,8.517627544758485
681494.2763,247306.3992,0.3732945122533585,0.12090988554761806,0.004584113834948593,0.955086830938202,0.006666020144149655,18,0.0,0,0.030581835,47.371553760822394,8.517627544758485
681491.2447,247303.7902,0.4433855015180029,0.03569553790113505,0.004584113834948593,0.9546054273793816,0.00715650693830559,18,0.0,0,0.016110235,47.37153067173622,8.51758693628796
681488.2072,247301.1878,0.34475656713969266,0.09991251110935064,0.004584113834948593,0.9582872731162856,0.008136858870351099,18,0.0,0,0.017522867,47.3715076427218,8.517546250946628
681480.6091,247294.6867,0.2617933769398447,0.08538932813994275,0.004584113834948593,0.9598057744654048,0.008087126369042514,18,0.0,0,0.01889443,47.371450114728034,8.517444481051369
681476.0502,247290.78600000002,0.299996150663717,0.04741907365760165,0.004584113834948593,0.9598860083918744,0.007205617783347819,18,0.0,0,0.019812021000000003,47.37141559753346,8.517383418682844
681471.4913,247286.8853,0.3331928880437403,0.08818898077720608,0.0037464077534351257,0.9605546244457916,0.006813974335542699,18,0.0,0,0.025811177,47.371381080306264,8.5173223563934
681468.4521,247284.2849,0.3665489318879275,0.11472733275479324,0.003187937032426217,0.9614817720405568,0.0064210875752048644,18,0.0,0,0.027842997,47.371358069394674,8.517281649139061
681465.5795,247281.512,0.4378534257478326,0.13706619628392172,0.003187937032426217,0.9645098598580752,0.005930600781048932,18,0.0,0,0.027908183,47.37133348650692,8.517243116061302
681461.8056,247276.8483,0.4512710193602024,0.08468940887826458,0.002897066865234,0.9691990871162144,0.005980333282357518,18,0.0,0,0.027908183,47.37129201018235,8.517192307319064
681458.0316,247272.1847,0.4061235169773024,0.08451443380912685,0.0020244563636575533,0.9692288033852774,0.005098203040396467,18,0.0,0,0.017692242,47.3712505347466,8.517141497350217
681454.2577,247267.521,0.3732332093992815,0.09308836679005462,0.0023153265308496675,0.9661383114027268,0.004852648815185322,18,0.0,0,0.017413703,47.3712090583763,8.517090688766062
681451.4969,247262.2034,0.3605469751484425,0.19562556089185296,0.0017335861964653358,0.9633925281413068,0.0037249643480131243,18,0.0,0,0.026635817000000003,47.371161575971115,8.517053173130622
681450.64,247260.3965,0.3278813910136507,0.20279964450078025,0.0017335861964653358,0.9624356642774786,0.0017157712951462324,18,0.07142857142857142,1,0.053541535,47.371145431594385,8.517041500554601
681445.4990000001,247249.5548,0.3767469809481206,0.09536308337126062,0.0017335861964653358,0.961874026792188,0.000981595244578225,18,0.35714285714285715,1,0.142540812,47.3710485625602,8.5169714704876
681440.358,247238.7132,0.4789588346926769,0.06404199542691677,0.0017335861964653358,0.9611519214539576,0.002990788297445117,18,0.2857142857142857,1,0.292816038,47.37095169438003,8.516901440693074
681438.6443,247235.0993,0.5035414411510923,0.1603382927277172,0.0017335861964653358,0.9610716875274876,0.005049092195354239,18,0.14285714285714285,1,0.391990009,47.37091940468092,8.5168780970374
681435.2169,247227.8715,0.5001774583868788,0.21044037168865146,0.0017335861964653358,0.9645039166042626,0.007107396093263359,18,0.0,0,0.030695761000000002,47.370854825267585,8.516831409810816
681431.574,247224.7848,0.4598102882841822,0.28416447553436824,0.0017335861964653358,0.9721558558879816,0.004607094589974175,18,0.0,0,0.026619827000000002,47.37082751524733,8.516782622794683
681433.5033,247224.2576,0.4862041869362504,0.19335083074984166,0.0008609756948887862,0.976559806963116,0.004557983744931947,18,0.0,0,0.015082412,47.370822535541,8.516808067563735
681433.5033,247224.2576,0.4621391052488349,0.12283464114190445,0.0002792353605044545,0.9770857849255312,0.004802916313876735,18,0.0,0,0.021287589,47.370822535541,8.516808067563735
681433.5033,247224.2576,0.4555406134045246,0.038145234975800885,0.0002792353605044545,0.9766846152931804,0.004361540364763031,18,0.07142857142857142,1,0.405438456,47.370822535541,8.516808067563735
681433.5033,247224.2576,0.4524354278425287,0.0374453211384448,0.0005701055276966723,0.9753473831853464,0.004412516178604332,18,0.07142857142857142,1,0.186315245,47.370822535541,8.516808067563735
681433.5033,247224.2576,0.42166980590640935,0.05406824561992096,0.0,0.9727709826575854,0.005832379090964474,18,0.0,0,0.01466821,47.370822535541,8.516808067563735
681433.5033,247224.2576,0.4336750675492301,0.06485856202252575,0.0,0.970866169810648,0.0097525435066138,18,0.0,0,0.018788643,47.370822535541,8.516808067563735
681424.7215,247222.9456,0.4174546739880679,0.02752989364233381,0.0002792353605044545,0.9701648658607616,0.01156715814811085,18,0.0,0,0.018788643,47.37081182104297,8.516691573046272
681426.4924,247227.975,0.4372704955024219,0.10078740001584446,0.0002792353605044545,0.9679331740541312,0.01034187364712055,18,0.0,0,0.015256088999999999,47.37085683394756,8.516715931126718
681420.8083,247232.497,0.5346115410337576,0.03132108794434385,0.0002792353605044545,0.9680936419070711,0.006666020144149655,18,0.0,0,0.015784034,47.37089820451633,8.51664150542846
681420.4551,247233.035,0.4977931363084918,0.14278215974102335,0.0002792353605044545,0.9672199835966196,0.004803537970143092,18,0.0,0,0.017874249,47.37090308662438,8.516636927466564
681399.3577,247208.8276,0.4365214713494661,0.03149606301348159,0.0002792353605044545,0.965861950100441,0.004608337902506891,18,0.0,0,0.017874249,47.370687984271065,8.516353233886155
681397.4174,247208.3439,0.4175227485423148,0.058267712371091324,0.0002792353605044545,0.9688068323645828,0.005490468144467943,18,0.0,0,0.018070169,47.37068387375287,8.516327459791436
681399.3577,247208.8276,0.31354042898975776,0.15363079845451302,0.0002792353605044545,0.9715169561031272,0.004117851108350958,18,0.0,0,0.018070169,47.370687984271065,8.516353233886155
681399.3577,247208.8276,0.2885764386944764,0.055409742847265166,0.0002792353605044545,0.9704828299397354,0.004264561987211287,18,0.0,0,0.026361022999999997,47.370687984271065,8.516353233886155
681399.3577,247208.8276,0.2880452969538993,0.2321376518277918,0.0002792353605044545,0.9703223620867952,0.003873540195672527,18,0.14285714285714285,1,0.10930667599999999,47.370687984271065,8.516353233886155
681413.8707,247243.0672,0.27848467871486426,0.0375619711845366,0.0002792353605044545,0.9746965968928668,0.003922651040714755,18,0.14285714285714285,1,0.202518408,47.37099412407135,8.516551584853394
681399.3577,247208.8276,0.3002617386396103,0.08188976166532329,0.0002792353605044545,0.9781169394620168,0.004069983575841443,18,0.0,0,0.08865245,47.370687984271065,8.516353233886155
681397.4174,247208.3439,0.3786672812566108,0.11076114982284033,0.0008609756948887862,0.9787825838890276,0.0042160727984354145,18,0.0,0,0.031708547999999996,47.37068387375287,8.516327459791436
681395.4770000001,247207.8601,0.3859398971092365,0.15818022890476402,0.0017335861964653358,0.9779624148628892,0.006029444127399748,18,0.0,0,0.020109013999999998,47.370679762341915,8.516301684358702
681393.5367,247207.3764,0.34054719481468193,0.05949256226450475,0.0017335861964653358,0.9787558392468708,0.006127665817484206,18,0.0,0,0.020109013999999998,47.370675651812206,8.51627591027195
681389.6561,247206.4089,0.4208935066397467,0.0804899421270942,0.0017335861964653358,0.981216346325286,0.006910952713094443,18,0.0,0,0.016434536,47.37066742983616,8.516224362092215
681405.0915,247256.4435,0.43690962688650176,0.20594926083712425,0.0017335861964653358,0.9793085618514424,0.006519309265289325,18,0.0,0,0.02164229,47.37111550753167,8.51643779425495
681401.7993,247261.4596,0.4391091357735109,0.19095946954686605,0.0017335861964653358,0.9778049186368554,0.00612704416121785,18,0.07142857142857142,1,0.07231236,47.3711610261868,8.516395122644608
681399.6044,247264.8036,0.4279822487468581,0.11811023019819362,0.0020244563636575533,0.9754335603656288,0.006126422504951492,18,0.14285714285714285,1,0.336673312,47.37119137136056,8.516366673527925
681397.4096,247268.1477,0.437038981285517,0.09285506127354894,0.0023153265308496675,0.9740160943313244,0.006029444127399748,18,0.2857142857142857,1,0.41362317299999996,47.371221717414,8.516338225720853
681393.02,247274.8358,0.3883096558088397,0.03867016560753615,0.0023153265308496675,0.973145407647779,0.004608337902506891,18,0.07142857142857142,1,0.39075685,47.371282408599704,8.516281329991335
681389.7278,247279.8519,0.40902438653656775,0.037795273988881266,0.002606196698041885,0.9731602657823104,0.005146692229172339,18,0.0,0,0.028588766,47.37132792719466,8.516238658113684
681385.3382,247286.54,0.4466132582741899,0.058267712371091324,0.0023153265308496675,0.971632849552473,0.007450550352292606,18,0.0,0,0.020177666,47.3713886183293,8.516181762157355
681380.9486,247293.2281,0.5219136304668978,0.10813649123984193,0.002606196698041885,0.9700578872921344,0.004069361919575086,18,0.0,0,0.020177666,47.37144930943479,8.516124866071424
681378.7538,247296.5722,0.4768886877735346,0.04286964049518961,0.002897066865234,0.974446980232738,0.002010436365399607,18,0.0,0,0.018205426,47.37147965542627,8.516096417988942
681377.6564,247298.2442,0.4655548223249044,0.04269466271389085,0.003187937032426217,0.9810588500992524,0.001961325520357378,18,0.0,0,0.11286353800000001,47.3714948279696,8.516082193926463
681376.559,247299.9162,0.4296329096245585,0.04281131275998268,0.003187937032426217,0.9861403321090232,0.001863103830272919,18,0.0,0,0.11286353800000001,47.371510000511094,8.51606796985589
681364.1349,247301.0522,0.3935053339686476,0.05663458189203445,0.003187937032426217,0.9864553245610908,0.002108658055484065,18,0.07142857142857142,1,0.23830321699999998,47.37152175087097,8.515903700301202
681362.6193,247299.7475,0.465503072875345,0.0865558475859882,0.003187937032426217,0.9866128207871246,0.005244913919256798,18,0.21428571428571427,1,0.23830321699999998,47.37151020420325,8.515883399058815
681358.0724,247295.8334,0.5056114727209359,0.09956255283459206,0.003187937032426217,0.9867732886400644,0.007793704611321853,18,0.5714285714285714,1,0.189922957,47.371475564190746,8.51582249406057
681361.1037,247298.4428,0.5211373336222677,0.07804024234026735,0.003187937032426217,0.9867732886400644,0.007940415490182179,18,0.42857142857142855,1,0.111285461,47.3714986575319,8.515863097825218
681356.5568,247294.5287,0.4660205764535607,0.0577427844515171,0.003187937032426217,0.9880421733290542,0.005343135609341254,18,0.21428571428571427,1,0.31050199100000003,47.371464017508586,8.515802192853364
681353.5256,247291.9194,0.4570932349471588,0.13525809887221024,0.003187937032426217,0.9902560353742468,0.005538957333243814,18,0.07142857142857142,1,0.037549694,47.37144092503279,8.5157615904835
681350.4943,247289.31,0.5048352309775456,0.11321084960966715,0.003187937032426217,0.9925501313459092,0.004999981350312007,18,0.0,0,0.016873297,47.37141783165556,8.515720986806807
681347.4631,247286.7006,0.4776650100495061,0.1011373637149251,0.0037464077534351257,0.993691236077928,0.004461005367380203,18,0.0,0,0.011786726,47.37139473825156,8.515680384489139
681342.9162,247282.7865,0.4577401413650399,0.06427530094342251,0.0037464077534351257,0.99076715520213,0.005049713851620595,18,0.0,0,0.022954841,47.371360098130836,8.51561947975476
681339.8849,247280.1772,0.5265714378742821,0.08591426148383907,0.004584113834948593,0.990737438933067,0.005195803074214567,18,0.0,0,0.036284597,47.371337005602456,8.515578876219362
681335.3381,247276.2631,0.5579188556363309,0.038261887734053736,0.004584113834948593,0.9946897027184444,0.005685668212104144,18,0.0,0,0.113264031,47.371302365415254,8.515517972940758
681332.2813,247273.68399999998,0.5909759831261444,0.10866141373509408,0.004304878474444138,0.995863495346432,0.006175533349993722,18,0.21428571428571427,1,0.224814238,47.37127954759968,8.51547703739849
681327.605,247269.9253,0.5906986649440071,0.06736657869591545,0.004025643113939686,0.9917299623197708,0.005146070572905982,18,0.2857142857142857,1,0.224814238,47.37124632091975,8.515414448099273
681322.9288,247266.1665,0.40216032185406775,0.029396326925735367,0.004584113834948593,0.9876499185774228,0.00828294809294507,18,0.2857142857142857,1,0.12498943300000001,47.3712130932939,8.515351860183774
681321.3701,247264.9136,0.3517830287998513,0.03132108252002178,0.004304878474444138,0.9842236327544605,0.005880868279740346,18,0.21428571428571427,1,0.200808543,47.37120201770668,8.515330998009945
681322.9288,247266.1665,0.5198128169830135,0.042344707151293313,0.004584113834948593,0.9814629913585088,0.005735400713412732,18,0.21428571428571427,1,0.111022975,47.3712130932939,8.515351860183774
681322.9288,247266.1665,0.6846651794567541,0.0916885499639866,0.005165854169332925,0.9811034245028468,0.0045101162124224345,18,0.21428571428571427,1,0.094003269,47.3712130932939,8.515351860183774
681324.4876,247267.4194,0.4740422839732986,0.06322543696779094,0.005456724336525142,0.9800841564739864,0.004999981350312007,18,0.21428571428571427,1,0.13569377400000002,47.371224168864984,8.515372723690108
681326.0463,247268.6724,0.43251063212179214,0.03703704055280133,0.00574759450371736,0.9797037882299802,0.0047053162800586345,18,0.21428571428571427,1,0.13569377400000002,47.37123524534395,8.515393585899437
681326.0463,247268.6724,0.4515297935531109,0.06404200085123887,0.006038464670909474,0.9809905026804076,0.00495087050526978,18,0.07142857142857142,1,0.075549349,47.37123524534395,8.515393585899437
681324.4876,247267.4194,0.5188084564095562,0.17812773123091669,0.005456724336525142,0.9842919801733052,0.007204996127081459,18,0.0,0,0.021354777000000002,47.371224168864984,8.515372723690108
681319.8113,247263.6607,0.5726222109456152,0.1266841631791214,0.006038464670909474,0.9904254181079056,0.0041184727646173145,18,0.0,0,0.012175073,47.37119094212799,8.515310134520952
681315.1351,247259.902,0.6283211563095199,0.08923884475283765,0.006038464670909474,0.9940686326950277,0.004656205435016404,18,0.0,0,0.013085613999999999,47.3711577153444,8.515247546753661
681312.0176,247257.3962,0.5980180317765805,0.11496062199833272,0.007434641473431953,0.9965974871922879,0.005244913919256798,18,0.0,0,0.027036201,47.37113556414045,8.515205821177544
681304.2239,247251.1316,0.5669940322553775,0.1037620250100845,0.007434641473431953,1.0,0.005686289868370502,18,0.0,0,0.057650212,47.371080185158455,8.515101508032743
681299.5477,247247.3729,0.5579373036525218,0.3472732570317454,0.007434641473431953,0.9977088756552436,0.006176155006260078,18,0.0,0,0.057650212,47.371046958260735,8.515038920525566
681294.8715,247243.6141,0.5751912926279104,0.0790317921414971,0.007434641473431953,0.9929631874858847,0.007254728628390047,18,0.0,0,0.02588143,47.37101373042945,8.51497633307827
681287.0778,247237.3496,0.570995682291674,0.08340624209828834,0.007434641473431953,0.9888474842206608,0.007940415490182179,18,0.0,0,0.023448347,47.370958352137556,8.514872020428491
681282.4016,247233.5908,0.6382096163290435,0.040244971063547096,0.007434641473431953,0.9866306505485624,0.006863085180584928,18,0.0,0,0.042627841,47.37092512421497,8.514809433189287
681276.1666,247228.5792,0.5289834316742009,0.05424322068905869,0.007434641473431953,0.9886899879946276,0.005833000747230832,18,0.0,0,0.042627841,47.37088082147224,8.51472598280004
681271.4904,247224.8205,0.513540773342231,0.06859142858932885,0.0083072519750084,0.9933286975953596,0.005196424730480927,18,0.0,0,0.01708988,47.37084759436911,8.514663395761062
681268.4515,247222.2213,0.5087166697875863,0.06964129527712144,0.008016381807816286,0.9960833957374984,0.004656827091282763,18,0.0,0,0.016815256,47.37082459327209,8.514622694251992
681263.9374,247218.2714,0.5097147127919713,0.08363954761479404,0.008888992309392732,0.9973998264569888,0.00431305117598716,18,0.0,0,0.01798548,47.370789626578144,8.514562218576277
681259.4234,247214.3216,0.6165380655904072,0.11811024104683775,0.008888992309392732,0.9977950528355264,0.004265183643477644,18,0.0,0,0.02334712,47.37075466073921,8.51450174432187
681254.9093,247210.3718,0.4413835408693573,0.08527268351817298,0.008888992309392732,0.9974770887565524,0.004656205435016404,18,0.07142857142857142,1,0.031116167,47.37071969488055,8.514441268822972
681250.3952,247206.422,0.4264637276055698,0.06439195098951432,0.008888992309392732,0.9952632267113599,0.0035788751254191525,18,0.0,0,0.084585657,47.370684728989865,8.514380793403417
681244.3764,247201.1555,0.5193259972265217,0.06590842057383524,0.008888992309392732,0.9930493646661674,0.004411894522337975,18,0.0,0,0.035659888,47.37063810685314,8.514300159615946
681239.8623,247197.2057,0.4313121574493292,0.03132108794434385,0.008888992309392732,0.9913852535986399,0.004607716246240535,18,0.35714285714285715,1,0.05866657,47.37060314088775,8.514239684381513
681238.3576,247195.8891,0.3732945122533585,0.01592301335628112,0.008888992309392732,0.9895666179319856,0.0038729185394061694,18,0.5714285714285714,1,0.307967318,47.370591485558826,8.514219525987663
681239.8623,247197.2057,0.4322518658004893,0.06999125083971898,0.008598122142200617,0.988122407255524,0.00284345576231843,18,0.42857142857142855,1,0.364524755,47.37060314088775,8.514239684381513
681239.8623,247197.2057,0.4660205670681845,0.02064741887566984,0.008016381807816286,0.98595014798702,0.0029404341398701736,18,0.35714285714285715,1,0.364524755,47.37060314088775,8.514239684381513
681239.8623,247197.2057,0.4473895460361982,0.07699037294031373,0.007434641473431953,0.9829012587811574,0.0029895449849124023,18,0.2857142857142857,1,0.0745952,47.37060314088775,8.514239684381513
681241.3670000001,247198.5223,0.4383191777572102,0.06491688162124959,0.007434641473431953,0.980119815996862,0.003038655829954632,18,0.0,0,0.055403228,47.37061479621311,8.514259842784178
681241.3670000001,247198.5223,0.32628793551651325,0.02204724655038204,0.007725511640624067,0.9789489949957804,0.003675853502970896,18,0.0,0,0.027652144,47.37061479621311,8.514259842784178
681239.8623,247197.2057,0.38382893954765385,0.15013124011637666,0.007725511640624067,0.9778376065328244,0.006666020144149655,18,0.0,0,0.034618205,47.37060314088775,8.514239684381513
681236.8529,247194.5725,0.4204508738390269,0.09063867242754986,0.007434641473431953,0.9774186071390364,0.00862610235197432,18,0.0,0,0.032776496,47.37057983022636,8.514199367602632
681237.4489,247188.1262,0.5122100454005815,0.051968504107852656,0.008016381807816286,0.978726122977808,0.01004783023313353,18,0.0,0,0.018962678,47.37052178224176,8.514206088310424
681238.6743,247186.5456,0.7269712786283079,0.09553805572823736,0.0083072519750084,0.9822385859810532,0.012596620925198587,18,0.0,0,0.021325986,47.37050741615085,8.51422202371684
681243.5758,247180.2233,0.5636393967201637,0.11828521882813653,0.007725511640624067,0.988309619750621,0.02244676446563049,18,0.0,0,0.021325986,47.370449952676324,8.514285763950928
681253.0888,247175.7587,0.5915581758626532,0.215223096806764,0.006596935391918486,0.9880897193595553,0.010390984492162778,18,0.0,0,0.022962179,47.37040862785542,8.51441088896333
681262.8727,247177.8228,0.5697388496539229,0.08276465599613919,0.006038464670909474,0.9877390673846114,0.010047208576867176,18,0.0,0,0.025340072999999998,47.37042598508826,8.514540784593196
681270.6997,247179.4741,0.4695138966625617,0.05004374580140522,0.007155406112927395,0.9874062451711064,0.011125782198997144,18,0.0,0,0.09773911199999999,47.37043987096395,8.514644699573177
681274.6133,247180.2997,0.5237065130941261,0.04852726265627913,0.007434641473431953,0.9866306505485624,0.011420447269250518,18,0.0,0,0.09773911199999999,47.37044681340471,8.51469665839826
681280.4836,247181.5382,0.6150964542752416,0.019130941154865827,0.0083072519750084,0.9866009342794996,0.011812712373321994,18,0.07142857142857142,1,0.047351403,47.37045722793371,8.51477459535565
681286.3539,247182.7767,0.4719760331962175,0.1150189605821838,0.008016381807816286,0.9870615364499756,0.008871656577185463,18,0.14285714285714285,1,0.137701496,47.370467642410084,8.514852532343557
681290.2674,247183.6023,0.3262879545900194,0.03867016560753615,0.008888992309392732,0.9868743239548792,0.0075475287298443485,18,0.14285714285714285,1,0.09256505599999999,47.37047458476964,8.514904489899079
681290.2674,247183.6023,0.43067884832201103,0.0446194210203383,0.008888992309392732,0.9845713131024976,0.0073025961608995625,18,0.42857142857142855,1,0.20794828699999998,47.37047458476964,8.514904489899079
681290.2674,247183.6023,0.4458369935214908,0.07979002557757707,0.008888992309392732,0.9821108060240822,0.007253485315857331,18,0.2857142857142857,1,0.24533656,47.37047458476964,8.514904489899079
681290.2674,247183.6023,0.4443456633282795,0.06124235092613655,0.008888992309392732,0.980440751702742,0.007352328662208147,18,0.07142857142857142,1,0.24533656,47.37047458476964,8.514904489899079
681290.2674,247183.6023,0.3541731834352986,0.0587926511393097,0.008888992309392732,0.9789400801150614,0.007204996127081459,18,0.0,0,0.098844019,47.37047458476964,8.514904489899079
681290.2674,247183.6023,0.5758937389762434,0.15468065971798353,0.008888992309392732,0.9783784426297708,0.00828294809294507,18,0.0,0,0.02160432,47.37047458476964,8.514904489899079
681292.2242,247184.0151,0.6355850640469771,0.12318461026530712,0.009179862476584949,0.9778405781597308,0.009949608543049077,18,0.0,0,0.016748528999999998,47.370478055934484,8.514930469343838
681296.1377,247184.8408,0.6193106779313887,0.0576844594284712,0.010343343145353612,0.9809251268884688,0.010488584525980879,18,0.0,0,0.021230446,47.37048499915832,8.514982426937856
681302.0079999999,247186.0792,0.753632601762427,0.16576262293310615,0.010343343145353612,0.9822742455039284,0.010979071320136813,18,0.0,0,0.021669006,47.370495412595055,8.515060363989
681309.8351,247187.7305,0.7799817896941905,0.058267720507574436,0.009761602810969279,0.9831122442915048,0.02382000315801384,18,0.0,0,0.021669006,47.370509297990736,8.515164280564097
681313.7486,247188.5561,0.6865652688121336,0.12825896592297134,0.008888992309392732,0.9822712738770222,0.016517406997114268,18,0.0,0,0.012635746000000002,47.370516240209994,8.515216238201004
681319.6189,247189.7946,0.5287339123703024,0.047244098588463936,0.009761602810969279,0.9779534999821702,0.017105493825088306,18,0.0,0,0.014352885,47.37052665438823,8.515294175361861
681325.4892,247191.0331,0.6398823876388576,0.2272965962623112,0.010343343145353612,0.9736921869985379,0.011763601528279766,18,0.0,0,0.011206366,47.37053706851384,8.51537211255324
681331.3595,247192.2715,0.5950237525974093,0.08048994483925524,0.010343343145353612,0.9717041685982242,0.011910312407140095,18,0.0,0,0.01651617,47.37054748168748,8.515450049756984
681337.2298,247193.51,0.5575676845358637,0.01854768278792364,0.010343343145353612,0.9719418987507281,0.010635917061107569,18,0.0,0,0.015527329,47.370557895707876,8.5155279870094
681341.1434,247194.3356,0.4880155402862239,0.019830854992221928,0.01062257850585817,0.9726729189696774,0.010880849630052356,18,0.0,0,0.021342912000000002,47.37056483775112,8.515579946065076
681346.9693,247195.7664,0.5686379078089756,0.03511227410987078,0.010343343145353612,0.9721766572763256,0.01068440624988344,18,0.2857142857142857,1,0.059431149,47.370576986604995,8.515657330518955
681352.7902,247197.2177,0.7563810994393851,0.016797902262774937,0.010343343145353612,0.9696299730176278,0.008528502318156217,18,0.6428571428571429,1,0.509757271,47.370589320389946,8.51573465254075
681360.5515,247199.1527,0.5882866015106529,0.08171479744482969,0.010343343145353612,0.9677162452899716,0.004901759660227551,18,0.2857142857142857,1,0.509757271,47.37060576474408,8.51583774993728
681364.4321,247200.1202,0.455097024203714,0.02379702436336969,0.010343343145353612,0.9665216512736394,0.00509758138413011,18,0.21428571428571427,1,0.079608706,47.37061398689279,8.515889297997532
681372.1933,247202.0552,0.6174456995704235,0.027296588125828115,0.010343343145353612,0.9655588441559986,0.006910952713094443,18,0.21428571428571427,1,0.10653257199999999,47.37063043112112,8.515992394165828
681378.0143,247203.5064,0.6426160948714833,0.118635168966412,0.010343343145353612,0.9653211140034946,0.0038722968831398116,18,0.14285714285714285,1,0.10653257199999999,47.370642763769936,8.516069717648605
681383.8352,247204.9577,0.4636916807728512,0.030971132381746317,0.010343343145353612,0.9665216512736394,0.006127665817484206,18,0.2857142857142857,1,0.081851938,47.370655097278615,8.516147039861572
681389.6561,247206.4089,0.4815464449237441,0.02974628520049393,0.010343343145353612,0.9691545127126201,0.005245535575523154,18,0.42857142857142855,1,0.514265941,47.37066742983616,8.516224362092215
681395.4770000001,247207.8601,0.5876582121368894,0.026480024242380183,0.010343343145353612,0.9709048009604296,0.005343135609341254,18,0.2857142857142857,1,0.7159711590000001,47.370679762341915,8.516301684358702
681401.298,247209.3114,0.6407234045226956,0.049635462503600736,0.010343343145353612,0.9713059705927805,0.005244913919256798,18,0.42857142857142855,1,0.7159711590000001,47.37069209568286,8.51637900800303
681407.1189,247210.7626,0.5411916659999666,0.01994750775047479,0.010343343145353612,0.9712257366663102,0.006274376696344536,18,0.42857142857142855,1,0.42148025899999997,47.370704428085,8.516456330341203
681412.9398,247212.2139,0.4351527816811268,0.058442701001034235,0.010343343145353612,0.9703431634751396,0.004019629418266499,18,0.21428571428571427,1,0.296703645,47.370716761334705,8.516533652733395
681412.9398,247212.2139,0.3595459294292419,0.1060367470156126,0.010343343145353612,0.969713178571004,0.002305101435652981,18,0.2857142857142857,1,0.273870528,47.370716761334705,8.516533652733395
681412.9398,247212.2139,0.36931086367100746,0.01434821061243118,0.010343343145353612,0.9684324073743892,0.002206879745568523,18,0.5,1,0.273870528,47.370716761334705,8.516533652733395
681412.9398,247212.2139,0.395561841514412,0.03184601857607912,0.010343343145353612,0.9687533430802696,0.002206879745568523,18,0.5,1,0.319732993,47.370716761334705,8.516533652733395
681414.6897,247213.1818,0.5896174102876379,0.10113735829060304,0.010343343145353612,0.9689138109332099,0.002157768900526294,18,0.6428571428571429,1,0.38181529200000003,47.37072524995524,8.516556994315012
681414.6897,247213.1818,0.5259429600963315,0.06964129527712144,0.010343343145353612,0.9691545127126201,0.003383053401516593,18,0.5,1,0.368641616,47.37072524995524,8.516556994315012
681416.1228,247214.5766,0.4577770794802362,0.04934383467621016,0.009179862476584949,0.9705214610895174,0.007401439507250376,18,0.5,1,0.391115996,47.37073761700805,8.516576219626979
681418.9890000001,247217.3663,0.5562922888353773,0.04794400700149797,0.009761602810969279,0.9707889075110844,0.011861823218364223,18,0.21428571428571427,1,0.391115996,47.370762352003226,8.516614670295846
681433.5033,247224.2576,0.5572904126750979,0.04059492933830566,0.008598122142200617,0.9686552793923616,0.015046568270912828,18,0.0,0,0.032329625,47.370822535541,8.516808067563735
681433.5033,247224.2576,0.5872885009829957,0.02117235221956614,0.007725511640624067,0.9627031106990454,0.016271852771903128,18,0.0,0,0.016321147,47.370822535541,8.516808067563735
681433.5033,247224.2576,0.4722308921735587,0.040419946132684834,0.0083072519750084,0.9576988909888386,0.01558554425384463,18,0.0,0,0.014239998,47.370822535541,8.516808067563735
681433.5033,247224.2576,0.4489421675788321,0.06019247881402191,0.008888992309392732,0.9545370799605368,0.0154388333749843,18,0.0,0,0.015317552,47.370822535541,8.516808067563735
681427.5877,247225.7353,0.4749479455105824,0.059842523251424376,0.008888992309392732,0.9536545067693658,0.011125782198997144,18,0.07142857142857142,1,0.114782038,47.37083655599922,8.516730023822182
681421.5525,247231.363,0.4970722613202284,0.05144356533963431,0.008888992309392732,0.9536545067693658,0.0071558852820392295,18,0.07142857142857142,1,0.114782038,47.370887914009955,8.516651151213134
681416.0655,247239.7232,0.44868338188126944,0.051793526326553915,0.008888992309392732,0.9530928692840756,0.007744593766279621,18,0.21428571428571427,1,0.101134911,47.370963778862546,8.516580032435638
681410.5785,247248.0833,0.4018266629569763,0.12942549621766092,0.008888992309392732,0.9528521675046656,0.008920767422227693,18,0.21428571428571427,1,0.27626733800000003,47.37103964277023,8.516508913437455
681405.4446,247255.9055,0.30397979531026537,0.031379410255228744,0.008888992309392732,0.953413804989956,0.006666641800416011,18,0.21428571428571427,1,0.238134791,47.37111062544418,8.516442370929504
681402.8967,247259.7875,0.2991994094425924,0.03114610745088405,0.008598122142200617,0.9540378466402786,0.006617530955373783,18,0.42857142857142855,1,0.3564585,47.37114585270402,8.516409346510706
